[
		{
			"id":"us1",
			"name":"Preethiv",
			"email":"dfd@ddfd.fff",
			"mobile":"9659411309",
			"jobdes":"UI Developer",
			"img":"user_1.jpg"
		},
		{
			"id":"us2",
			"name":"Renold",
			"email":"bvb@fdf.fdf",
			"mobile":"6767845654",
			"jobdes":"UX Developer",
			"img":"user_2.jpg"
		},
		{
			"id":"us3",
			"name":"Shri",
			"email":"bfgfbf@ghg.hjhk",
			"mobile":"5568986656",
			"jobdes":"JAVA Developer",
			"img":"user_3.jpg"
		},
		{
			"id":"us4",
			"name":"Sadam",
			"email":"ghgdd@hjh.hjh",
			"mobile":"7634332343",
			"jobdes":"HR",
			"img":"user_1.jpg"
		}
]